City_ID,City,Country,Lat,Lng,Max Temp,Humidity,Cloudiness,Wind Speed,Current Description,Date
0,Mataura,NZ,-46.1927,168.8643,63.48,58,28,3.36,scattered clouds,2022-03-13 22:46:57
1,Avera,US,33.194,-82.5271,55.45,36,0,4.92,clear sky,2022-03-13 22:46:58
2,Vaini,TO,-21.2,-175.2,86.16,74,40,6.91,scattered clouds,2022-03-13 22:46:58
3,Ilulissat,GL,69.2167,-51.1,3.22,66,100,9.22,overcast clouds,2022-03-13 22:46:58
4,Ledyard,US,41.4398,-72.0142,33.28,49,20,14.97,few clouds,2022-03-13 22:46:59
5,Cape Town,ZA,-33.9258,18.4232,60.28,63,20,11.5,few clouds,2022-03-13 22:44:19
6,Khandyga,RU,62.6667,135.6,-4.25,97,100,1.25,overcast clouds,2022-03-13 22:46:59
7,Lompoc,US,34.6391,-120.4579,77.56,79,75,19.57,broken clouds,2022-03-13 22:47:00
8,Otradnoye,RU,59.7775,30.8181,32.04,99,96,1.83,overcast clouds,2022-03-13 22:47:00
9,Saint-Joseph,RE,-21.3667,55.6167,77.38,86,80,11.65,light rain,2022-03-13 22:47:00
10,Midland,US,31.9974,-102.0779,71.06,12,0,16.11,clear sky,2022-03-13 22:43:44
11,Mehamn,NO,71.0357,27.8492,39.15,75,0,14.97,clear sky,2022-03-13 22:47:00
12,Castro,BR,-24.7911,-50.0119,63.63,98,100,2.06,overcast clouds,2022-03-13 22:47:01
13,Chokurdakh,RU,70.6333,147.9167,-9.06,91,100,4.47,overcast clouds,2022-03-13 22:47:01
14,Makakilo City,US,21.3469,-158.0858,82.72,53,0,14.97,clear sky,2022-03-13 22:44:26
15,Kapaa,US,22.0752,-159.319,80.58,68,0,9.22,clear sky,2022-03-13 22:47:01
16,Yellowknife,CA,62.456,-114.3525,0.41,61,20,12.66,few clouds,2022-03-13 22:43:37
17,Port Lincoln,AU,-34.7333,135.8667,73.51,57,85,8.43,overcast clouds,2022-03-13 22:47:02
18,Mar Del Plata,AR,-38.0023,-57.5575,68.09,85,0,8.05,clear sky,2022-03-13 22:45:09
19,Egvekinot,RU,66.3167,-179.1667,12.29,63,0,3.09,clear sky,2022-03-13 22:47:02
20,Bethel,US,41.3712,-73.414,33.03,53,100,5.99,overcast clouds,2022-03-13 22:42:22
21,Palmer,US,42.1584,-72.3287,33.42,37,20,12.66,few clouds,2022-03-13 22:47:02
22,Yurginskoye,RU,56.8189,67.3921,7.34,88,100,8.08,overcast clouds,2022-03-13 22:47:03
23,Gravdal,NO,68.1214,13.5031,33.69,80,0,1.14,clear sky,2022-03-13 22:47:03
24,Mount Isa,AU,-20.7333,139.5,85.77,51,17,0.0,few clouds,2022-03-13 22:47:03
25,Ushuaia,AR,-54.8,-68.3,40.66,87,75,24.16,light rain,2022-03-13 22:46:49
26,Valle De Angeles,HN,14.15,-87.0333,82.29,45,62,8.86,broken clouds,2022-03-13 22:47:04
27,Ribeira Grande,PT,38.5167,-28.7,56.17,61,96,10.49,overcast clouds,2022-03-13 22:47:04
28,Atuona,PF,-9.8,-139.0333,78.91,71,89,13.4,overcast clouds,2022-03-13 22:47:04
29,Isangel,VU,-19.55,169.2667,84.96,64,27,4.38,scattered clouds,2022-03-13 22:47:05
30,Kharan,PK,28.5833,65.4167,75.76,33,38,4.59,scattered clouds,2022-03-13 22:47:05
31,Port Elizabeth,ZA,-33.918,25.5701,63.1,88,20,20.71,few clouds,2022-03-13 22:47:05
32,Klaksvik,FO,62.2266,-6.589,43.72,95,100,21.47,overcast clouds,2022-03-13 22:47:05
33,Kruisfontein,ZA,-34.0033,24.7314,60.89,86,100,18.84,light rain,2022-03-13 22:47:06
34,Kalaleh,IR,37.3807,55.4916,47.44,81,1,3.98,clear sky,2022-03-13 22:47:06
35,Lebu,CL,-37.6167,-73.65,59.27,76,2,21.09,clear sky,2022-03-13 22:47:06
36,Kodiak,US,57.79,-152.4072,40.51,81,100,21.85,light rain,2022-03-13 22:47:06
37,Saint-Pierre,RE,-21.3393,55.4781,78.48,84,100,11.5,overcast clouds,2022-03-13 22:47:07
38,Lavrentiya,RU,65.5833,-171.0,11.05,70,1,3.78,clear sky,2022-03-13 22:47:07
39,Victoria,HK,22.2855,114.1577,71.94,89,62,5.99,broken clouds,2022-03-13 22:43:11
40,Tupik,RU,54.4253,119.9327,6.76,96,100,4.0,light snow,2022-03-13 22:47:07
41,Provideniya,RU,64.3833,-173.3,21.36,38,0,13.42,clear sky,2022-03-13 22:47:08
42,Morant Bay,JM,17.8815,-76.4093,85.71,76,5,11.77,clear sky,2022-03-13 22:42:22
43,Saint-Philippe,RE,-21.3585,55.7679,78.39,88,86,12.21,light rain,2022-03-13 22:42:24
44,Longyearbyen,SJ,78.2186,15.6401,24.64,93,0,2.3,clear sky,2022-03-13 22:47:08
45,Azua,DO,18.4532,-70.7349,79.59,82,96,2.35,overcast clouds,2022-03-13 22:47:08
46,Krasnoselkup,RU,65.7,82.4667,-11.61,100,95,7.9,overcast clouds,2022-03-13 22:47:09
47,Arraial Do Cabo,BR,-22.9661,-42.0278,76.86,83,20,12.66,few clouds,2022-03-13 22:47:09
48,Marsh Harbour,BS,26.5412,-77.0636,69.31,59,50,18.79,scattered clouds,2022-03-13 22:47:09
49,Punta Arenas,CL,-53.15,-70.9167,44.71,76,40,33.38,light intensity shower rain,2022-03-13 22:47:09
50,Kalmunai,LK,7.4167,81.8167,78.08,78,98,7.36,overcast clouds,2022-03-13 22:47:10
51,New Norfolk,AU,-42.7826,147.0587,63.9,64,100,1.01,overcast clouds,2022-03-13 22:42:20
52,Nikolskoye,RU,59.7035,30.7861,31.87,99,96,1.81,overcast clouds,2022-03-13 22:47:10
53,Natal,BR,-5.795,-35.2094,81.25,89,20,5.75,few clouds,2022-03-13 22:47:10
54,Rapid Valley,US,44.0625,-103.1463,51.84,51,0,6.91,clear sky,2022-03-13 22:47:11
55,Airai,TL,-8.9266,125.4092,64.29,86,99,2.13,overcast clouds,2022-03-13 22:47:11
56,Quila,MX,24.4228,-107.22,81.59,19,5,11.05,clear sky,2022-03-13 22:47:11
57,Jamestown,US,42.097,-79.2353,27.72,58,100,13.8,overcast clouds,2022-03-13 22:42:43
58,Broome,US,42.2506,-75.833,28.15,64,100,11.5,overcast clouds,2022-03-13 22:47:11
59,Hovd,MN,48.0056,91.6419,30.6,49,20,10.33,few clouds,2022-03-13 22:47:12
60,Biak,ID,-0.9131,122.8766,76.78,83,78,3.02,broken clouds,2022-03-13 22:47:12
61,Kidal,ML,18.4411,1.4078,76.35,10,0,12.21,clear sky,2022-03-13 22:47:12
62,Kholmogory,RU,64.2229,41.656,12.9,97,30,4.7,scattered clouds,2022-03-13 22:47:13
63,Sheridan,US,44.8333,-106.9173,42.31,71,100,18.41,overcast clouds,2022-03-13 22:45:54
64,Kargil,IN,34.5667,76.1,3.72,78,61,2.66,broken clouds,2022-03-13 22:47:13
65,Albany,US,42.6001,-73.9662,32.65,45,100,8.01,overcast clouds,2022-03-13 22:44:44
66,Yekaterinovka,RU,52.0508,44.3451,11.57,96,97,10.42,overcast clouds,2022-03-13 22:47:13
67,Qaanaaq,GL,77.484,-69.3632,-9.18,98,100,2.3,overcast clouds,2022-03-13 22:47:13
68,Abu Kamal,SY,34.4506,40.9171,47.75,58,100,9.17,overcast clouds,2022-03-13 22:47:14
69,Pavlovsk,RU,50.4578,40.1081,3.65,98,51,4.5,broken clouds,2022-03-13 22:47:14
70,Bengkulu,ID,-3.8004,102.2655,75.6,93,100,6.82,overcast clouds,2022-03-13 22:47:14
71,Pasan,IN,22.85,82.2,61.11,18,1,2.66,clear sky,2022-03-13 22:47:15
72,Yar-Sale,RU,66.8333,70.8333,-3.91,100,99,5.97,overcast clouds,2022-03-13 22:47:15
73,Pavlovka,RU,52.6897,47.1405,17.44,95,100,8.12,overcast clouds,2022-03-13 22:47:15
74,Pouebo,NC,-20.4,164.5667,82.6,76,87,6.87,overcast clouds,2022-03-13 22:47:15
75,Ivybridge,GB,50.3904,-3.9191,44.85,92,61,6.26,broken clouds,2022-03-13 22:47:16
76,Camacha,PT,33.0833,-16.3333,53.02,82,40,23.02,scattered clouds,2022-03-13 22:47:16
77,Port Blair,IN,11.6667,92.75,79.5,73,71,5.37,broken clouds,2022-03-13 22:47:17
78,Rikitea,PF,-23.1203,-134.9692,80.29,72,99,14.92,overcast clouds,2022-03-13 22:47:17
79,Halifax,CA,44.6453,-63.5724,28.49,51,31,14.0,scattered clouds,2022-03-13 22:44:59
80,Hermanus,ZA,-34.4187,19.2345,55.8,61,89,10.85,overcast clouds,2022-03-13 22:47:18
81,Lata,PT,40.1629,-8.3327,48.07,89,72,4.07,broken clouds,2022-03-13 22:47:18
82,Puerto Ayora,EC,-0.7393,-90.3518,85.96,88,43,3.0,scattered clouds,2022-03-13 22:47:09
83,Haapiti,PF,-17.5667,-149.8667,85.73,73,93,8.37,overcast clouds,2022-03-13 22:47:18
84,Lethem,GY,3.3803,-59.7968,84.52,60,100,9.4,overcast clouds,2022-03-13 22:47:18
85,Thompson,CA,55.7435,-97.8558,12.36,73,100,13.8,overcast clouds,2022-03-13 22:47:19
86,Luwuk,ID,-0.9516,122.7875,78.49,85,78,2.73,broken clouds,2022-03-13 22:47:19
87,Arua,UG,3.0201,30.9111,66.7,70,86,8.97,overcast clouds,2022-03-13 22:47:19
88,Canavieiras,BR,-15.675,-38.9472,78.39,82,80,5.97,broken clouds,2022-03-13 22:47:20
89,Port Hardy,CA,50.6996,-127.4199,48.38,76,100,16.11,light intensity shower rain,2022-03-13 22:47:20
90,Mount Gambier,AU,-37.8333,140.7667,62.51,94,100,8.05,overcast clouds,2022-03-13 22:47:20
91,Ayan,RU,56.45,138.1667,11.77,79,59,3.51,broken clouds,2022-03-13 22:47:20
92,Bathsheba,BB,13.2167,-59.5167,79.41,69,40,16.11,scattered clouds,2022-03-13 22:47:21
93,Busselton,AU,-33.65,115.3333,64.51,87,12,7.07,few clouds,2022-03-13 22:47:21
94,Kaitangata,NZ,-46.2817,169.8464,63.93,62,10,0.81,clear sky,2022-03-13 22:47:21
95,Luderitz,NA,-26.6481,15.1594,65.17,68,0,24.27,clear sky,2022-03-13 22:47:22
96,Saldanha,ZA,-33.0117,17.9442,55.45,61,96,18.66,overcast clouds,2022-03-13 22:47:22
97,Butaritari,KI,3.0707,172.7902,81.72,74,9,20.54,clear sky,2022-03-13 22:47:22
98,Emba,KZ,48.8264,58.1442,4.62,97,100,2.3,overcast clouds,2022-03-13 22:47:22
99,Kosonsoy,UZ,41.2561,71.5508,48.76,95,100,2.48,overcast clouds,2022-03-13 22:47:23
100,Hambantota,LK,6.1241,81.1185,77.02,79,84,8.88,broken clouds,2022-03-13 22:44:48
101,Lodja,CD,-3.4833,23.4333,70.07,89,99,1.03,overcast clouds,2022-03-13 22:47:23
102,Sobolevo,RU,54.4299,31.8996,23.25,94,83,7.16,broken clouds,2022-03-13 22:47:23
103,Shibetsu,JP,43.659,145.132,31.46,89,100,5.39,overcast clouds,2022-03-13 22:47:24
104,Dikson,RU,73.5069,80.5464,-5.17,97,100,17.02,overcast clouds,2022-03-13 22:47:24
105,Tessalit,ML,20.1986,1.0114,74.86,10,0,8.7,clear sky,2022-03-13 22:47:24
106,Lorengau,PG,-2.0226,147.2712,84.51,72,25,8.12,scattered clouds,2022-03-13 22:47:24
107,Codrington,AU,-38.2667,141.9667,66.38,81,100,11.45,heavy intensity rain,2022-03-13 22:47:25
108,Mana,GF,5.6592,-53.7767,76.14,92,100,11.36,light rain,2022-03-13 22:47:25
109,Panguna,PG,-6.3164,155.4848,79.25,57,17,3.13,few clouds,2022-03-13 22:47:25
110,Bluff,NZ,-46.6,168.3333,63.81,75,12,5.17,few clouds,2022-03-13 22:47:25
111,Torbay,CA,47.6666,-52.7314,27.57,73,75,41.43,light snow,2022-03-13 22:45:25
112,Georgetown,MY,5.4112,100.3354,80.53,98,20,3.44,few clouds,2022-03-13 22:43:57
113,Aklavik,CA,68.2191,-135.0107,1.53,78,20,11.99,few clouds,2022-03-13 22:47:26
114,Bambous Virieux,MU,-20.3428,57.7575,79.05,83,40,8.05,moderate rain,2022-03-13 22:47:26
115,Tazovskiy,RU,67.4667,78.7,-15.14,100,99,6.96,overcast clouds,2022-03-13 22:47:26
116,Tatarsk,RU,55.219,75.9828,-5.91,98,11,7.87,few clouds,2022-03-13 22:47:27
117,Ancud,CL,-41.8697,-73.8203,58.23,76,57,5.53,broken clouds,2022-03-13 22:46:47
118,Puerto Del Rosario,ES,28.5004,-13.8627,65.95,77,75,5.75,broken clouds,2022-03-13 22:47:27
119,Sibolga,ID,1.7427,98.7792,75.94,88,97,3.06,overcast clouds,2022-03-13 22:47:27
120,Progreso,MX,21.2833,-89.6667,75.31,65,90,15.88,overcast clouds,2022-03-13 22:45:16
121,Hilo,US,19.7297,-155.09,80.33,66,20,10.36,few clouds,2022-03-13 22:47:28
122,Hofn,IS,64.2539,-15.2082,35.89,46,51,9.6,broken clouds,2022-03-13 22:47:28
123,San Juan Bautista,PE,-14.0108,-75.7358,78.24,54,71,11.36,broken clouds,2022-03-13 22:47:28
124,Saint-Augustin,CA,51.226,-58.6502,16.66,67,100,24.96,overcast clouds,2022-03-13 22:47:28
125,Santa Maria,BR,-29.6842,-53.8069,63.7,100,100,4.61,mist,2022-03-13 22:47:29
126,Cairns,AU,-16.9167,145.7667,81.07,97,75,10.36,light intensity shower rain,2022-03-13 22:45:02
127,Ajdabiya,LY,30.7554,20.2263,51.73,63,9,16.93,clear sky,2022-03-13 22:47:29
128,Valleyview,CA,55.0667,-117.2859,5.04,78,100,14.97,overcast clouds,2022-03-13 22:45:22
129,Port Alfred,ZA,-33.5906,26.891,67.37,89,100,16.26,light rain,2022-03-13 22:47:29
130,Guerrero Negro,MX,27.9769,-114.0611,66.78,52,0,16.75,clear sky,2022-03-13 22:47:30
131,Bredasdorp,ZA,-34.5322,20.0403,56.52,67,99,6.91,overcast clouds,2022-03-13 22:47:30
132,Les Cayes,HT,18.2,-73.75,77.88,80,64,7.07,broken clouds,2022-03-13 22:47:30
133,Cidreira,BR,-30.1811,-50.2056,68.65,89,100,13.67,overcast clouds,2022-03-13 22:47:30
134,Carnarvon,AU,-24.8667,113.6333,71.67,83,0,13.8,clear sky,2022-03-13 22:47:31
135,Tutoia,BR,-2.7619,-42.2744,78.39,86,99,7.78,overcast clouds,2022-03-13 22:47:31
136,Santa Flavia,IT,38.085,13.5351,53.33,75,79,11.99,broken clouds,2022-03-13 22:47:31
137,Vila Franca Do Campo,PT,37.7167,-25.4333,55.2,63,94,16.55,overcast clouds,2022-03-13 22:47:31
138,Constitucion,CL,-35.3333,-72.4167,61.72,79,8,6.35,clear sky,2022-03-13 22:46:32
139,Kumher,IN,27.3167,77.3667,71.17,32,0,2.57,clear sky,2022-03-13 22:47:32
140,Hudson Bay,CA,52.85,-102.3842,19.81,79,98,8.57,overcast clouds,2022-03-13 22:47:32
141,Eyl,SO,7.9803,49.8164,75.69,76,93,15.23,overcast clouds,2022-03-13 22:47:32
142,Khatanga,RU,71.9667,102.5,-4.49,98,100,10.58,overcast clouds,2022-03-13 22:44:47
143,Ust-Kuyga,RU,70.0167,135.6,-18.83,99,100,0.51,overcast clouds,2022-03-13 22:47:33
144,Mosetse,BW,-20.75,26.65,71.96,47,66,7.92,broken clouds,2022-03-13 22:47:33
145,Maroantsetra,MG,-15.4333,49.7333,71.85,90,100,3.67,overcast clouds,2022-03-13 22:47:33
146,Tuktoyaktuk,CA,69.4541,-133.0374,-9.4,77,20,11.5,few clouds,2022-03-13 22:47:33
147,Port Moresby,PG,-9.4431,147.1797,81.82,89,20,5.75,few clouds,2022-03-13 22:47:34
148,Barrow,US,71.2906,-156.7887,1.42,71,0,8.05,clear sky,2022-03-13 22:47:34
149,Samarai,PG,-10.6167,150.6667,84.69,71,46,13.15,scattered clouds,2022-03-13 22:47:34
150,Chuy,UY,-33.6971,-53.4616,61.11,77,2,6.49,clear sky,2022-03-13 22:47:35
151,Praya,CV,14.9215,-23.5087,70.34,73,20,25.32,few clouds,2022-03-13 22:47:35
152,Kahului,US,20.8947,-156.47,86.02,45,20,21.85,few clouds,2022-03-13 22:46:37
153,Salalah,OM,17.0151,54.0924,75.29,57,0,5.75,clear sky,2022-03-13 22:47:35
154,Nagato,JP,34.3833,131.2,57.2,94,100,8.57,overcast clouds,2022-03-13 22:47:35
155,Santa Luzia,BR,-19.7697,-43.8514,81.68,56,0,6.91,light rain,2022-03-13 22:47:36
156,Baherden,TM,38.4362,57.4316,49.1,60,6,2.77,clear sky,2022-03-13 22:47:36
157,Upernavik,GL,72.7868,-56.1549,-14.13,100,55,14.61,broken clouds,2022-03-13 22:47:36
158,The Valley,AI,18.217,-63.0578,78.66,78,20,16.11,few clouds,2022-03-13 22:47:37
159,Tiksi,RU,71.6872,128.8694,-22.07,100,99,2.01,overcast clouds,2022-03-13 22:47:37
160,Talikota,IN,16.4833,76.3167,79.77,34,50,6.2,scattered clouds,2022-03-13 22:47:37
161,Manitouwadge,CA,49.1215,-85.8403,19.58,87,100,6.42,overcast clouds,2022-03-13 22:47:37
162,Manjacaze,MZ,-24.7117,33.8828,71.58,87,0,6.46,clear sky,2022-03-13 22:47:38
163,Barra Do Garcas,BR,-15.89,-52.2567,75.69,88,87,3.27,overcast clouds,2022-03-13 22:46:21
164,Campoverde,PE,-8.4753,-74.8058,83.89,93,97,3.4,overcast clouds,2022-03-13 22:47:38
165,Price,US,39.5994,-110.8107,49.12,46,75,12.66,broken clouds,2022-03-13 22:47:38
166,Araioses,BR,-2.89,-41.9031,77.58,87,100,6.2,overcast clouds,2022-03-13 22:47:39
167,Apatzingan,MX,19.0833,-102.35,97.99,13,0,3.58,clear sky,2022-03-13 22:47:39
168,Buraydah,SA,26.326,43.975,61.25,36,46,11.72,scattered clouds,2022-03-13 22:47:39
169,Hobart,AU,-42.8794,147.3294,62.46,84,75,9.22,broken clouds,2022-03-13 22:47:39
170,Kulhudhuffushi,MV,6.6221,73.07,81.68,73,97,4.61,overcast clouds,2022-03-13 22:47:40
171,Hualmay,PE,-11.0964,-77.6139,74.21,75,100,7.85,overcast clouds,2022-03-13 22:47:40
172,Ostrovnoy,RU,68.0531,39.5131,25.9,88,100,1.19,overcast clouds,2022-03-13 22:47:40
173,Pangnirtung,CA,66.1451,-65.7125,-25.38,90,21,5.64,few clouds,2022-03-13 22:47:40
174,Churapcha,RU,62.0025,132.4325,-10.82,100,99,2.55,overcast clouds,2022-03-13 22:47:41
175,Manta,EC,-0.95,-80.7333,83.98,74,40,6.91,scattered clouds,2022-03-13 22:47:41
176,Bambanglipuro,ID,-7.95,110.2833,77.2,86,98,3.67,overcast clouds,2022-03-13 22:47:41
177,Mafeteng,LS,-29.823,27.2374,59.31,79,60,4.23,broken clouds,2022-03-13 22:47:42
178,Havre-Saint-Pierre,CA,50.2334,-63.5986,19.4,53,0,25.32,clear sky,2022-03-13 22:47:42
179,Tasiilaq,GL,65.6145,-37.6368,30.36,87,100,29.62,light snow,2022-03-13 22:47:42
180,Kaoma,ZM,-14.7833,24.8,64.51,95,100,4.03,overcast clouds,2022-03-13 22:47:42
181,Trenggalek,ID,-8.05,111.7167,75.25,92,100,1.66,overcast clouds,2022-03-13 22:47:43
182,Acapulco,MX,16.8634,-99.8901,82.71,60,2,10.85,clear sky,2022-03-13 22:47:43
183,Necochea,AR,-38.5473,-58.7368,60.66,82,4,5.77,clear sky,2022-03-13 22:45:34
184,Saint-Georges,GD,12.0564,-61.7485,80.28,69,20,11.5,few clouds,2022-03-13 22:47:43
185,Meulaboh,ID,4.1363,96.1285,76.73,88,53,3.69,broken clouds,2022-03-13 22:47:44
186,Rio Gallegos,AR,-51.6226,-69.2181,53.65,30,20,37.98,few clouds,2022-03-13 22:47:44
187,Kvitok,RU,56.0724,98.4813,-14.89,100,59,2.73,broken clouds,2022-03-13 22:47:44
188,Rio Grande,BR,-32.035,-52.0986,66.94,69,94,6.26,overcast clouds,2022-03-13 22:43:30
189,Camopi,GF,3.1655,-52.3158,73.26,99,100,2.04,moderate rain,2022-03-13 22:47:44
190,Saint George,US,37.1041,-113.5841,69.64,13,0,11.5,clear sky,2022-03-13 22:45:25
191,Bijawar,IN,24.6333,79.5,72.72,21,0,3.71,clear sky,2022-03-13 22:47:45
192,Shache,CN,38.4167,77.2406,51.4,33,53,2.89,broken clouds,2022-03-13 22:47:45
193,Shenjiamen,CN,29.9576,122.298,54.93,96,55,6.6,broken clouds,2022-03-13 22:47:45
194,Cap-Aux-Meules,CA,47.3821,-61.8597,21.25,58,40,40.29,scattered clouds,2022-03-13 22:47:46
195,Tambopata,PE,-12.7333,-69.1833,73.29,88,75,5.75,broken clouds,2022-03-13 22:47:46
196,Zhuhai,CN,22.2769,113.5678,72.86,94,20,2.3,few clouds,2022-03-13 22:47:46
197,Leningradskiy,RU,69.3833,178.4167,-1.73,91,100,8.93,overcast clouds,2022-03-13 22:47:46
198,Barra,BR,-11.0894,-43.1417,81.82,52,18,4.47,few clouds,2022-03-13 22:47:47
199,Shimoda,JP,34.6667,138.95,59.11,90,98,20.27,light rain,2022-03-13 22:47:47
200,East London,ZA,-33.0153,27.9116,69.57,91,99,4.97,light rain,2022-03-13 22:47:47
201,Mahibadhoo,MV,3.7833,72.9667,82.45,72,84,4.18,broken clouds,2022-03-13 22:47:47
202,Bubaque,GW,11.2833,-15.8333,75.6,77,86,17.18,overcast clouds,2022-03-13 22:47:48
203,Norman Wells,CA,65.282,-126.8329,-5.76,65,0,4.61,clear sky,2022-03-13 22:47:48
204,Narsaq,GL,60.9167,-46.05,26.82,54,100,31.25,light snow,2022-03-13 22:47:48
205,Izumo,JP,35.3667,132.7667,53.55,94,75,8.05,broken clouds,2022-03-13 22:45:59
206,Mitu,CO,1.1983,-70.1733,72.59,99,100,1.5,overcast clouds,2022-03-13 22:47:48
207,Spring Valley,US,36.108,-115.245,73.11,14,20,5.01,few clouds,2022-03-13 22:47:49
208,Ajaccio,FR,42.0,8.9167,50.05,82,100,5.75,overcast clouds,2022-03-13 22:47:49
209,Roald,NO,62.5833,6.1333,52.72,70,75,3.44,broken clouds,2022-03-13 22:47:49
210,Te Anau,NZ,-45.4167,167.7167,65.16,56,68,0.22,broken clouds,2022-03-13 22:47:50
211,Half Moon Bay,US,37.4636,-122.4286,68.59,61,20,13.8,mist,2022-03-13 22:44:48
212,Lovozero,RU,68.005,35.0117,11.5,96,46,3.18,scattered clouds,2022-03-13 22:47:50
213,Guymon,US,36.6828,-101.4816,78.8,9,0,21.85,clear sky,2022-03-13 22:46:29
214,Severnoye,RU,56.3491,78.3619,-10.46,100,27,6.33,scattered clouds,2022-03-13 22:47:50
215,Kendari,ID,-3.945,122.4989,76.12,91,59,2.64,broken clouds,2022-03-13 22:47:50
216,Pathein,MM,16.7833,94.7333,73.06,78,66,5.93,broken clouds,2022-03-13 22:47:51
217,Tecpan,GT,14.7623,-90.9947,60.89,46,37,8.34,scattered clouds,2022-03-13 22:47:51
218,Marsa Matruh,EG,31.3525,27.2453,49.73,56,89,13.24,overcast clouds,2022-03-13 22:47:51
219,Ugoofaaru,MV,5.6667,73.0,82.15,71,87,3.31,overcast clouds,2022-03-13 22:43:19
220,Vao,NC,-22.6667,167.4833,79.72,79,23,16.33,few clouds,2022-03-13 22:47:52
221,Barreirinha,BR,-2.7933,-57.07,76.6,94,100,2.93,moderate rain,2022-03-13 22:47:52
222,Aden,YE,12.7794,45.0367,77.76,68,4,15.5,clear sky,2022-03-13 22:47:52
223,Kavaratti,IN,10.5669,72.642,81.82,76,21,6.58,few clouds,2022-03-13 22:47:52
224,Barinas,VE,8.6226,-70.2075,82.4,66,97,5.23,overcast clouds,2022-03-13 22:43:26
225,Russell,US,32.3502,-85.1999,58.28,19,0,0.0,clear sky,2022-03-13 22:47:53
226,Oranjemund,NA,-28.55,16.4333,62.11,75,85,18.32,overcast clouds,2022-03-13 22:47:53
227,Lianran,CN,24.9227,102.485,55.94,42,24,1.39,few clouds,2022-03-13 22:47:53
228,Pevek,RU,69.7008,170.3133,-12.37,99,92,5.17,overcast clouds,2022-03-13 22:47:54
229,Guozhen,CN,34.3659,107.359,57.61,42,79,2.39,broken clouds,2022-03-13 22:47:54
230,Itarema,BR,-2.9248,-39.9167,78.08,82,99,6.78,overcast clouds,2022-03-13 22:47:54
231,Pacific Grove,US,36.6177,-121.9166,68.22,69,0,8.99,clear sky,2022-03-13 22:46:51
232,Umm Kaddadah,SD,13.6017,26.6876,69.46,16,39,17.56,scattered clouds,2022-03-13 22:47:54
233,Cockburn Town,TC,21.4612,-71.1419,80.56,69,40,11.5,scattered clouds,2022-03-13 22:47:14
234,Caravelas,BR,-17.7125,-39.2481,78.3,81,100,5.73,overcast clouds,2022-03-13 22:47:55
235,Rocha,UY,-34.4833,-54.3333,58.3,89,10,4.7,clear sky,2022-03-13 22:44:26
236,Kondinskoye,RU,59.6481,67.41,-5.31,98,93,6.49,overcast clouds,2022-03-13 22:47:55
237,Saint-Francois,FR,46.4154,3.9054,39.67,93,0,2.3,clear sky,2022-03-13 22:47:55
238,Fairbanks,US,64.8378,-147.7164,15.22,33,0,8.05,clear sky,2022-03-13 22:45:14
239,Gornozavodsk,RU,58.3758,58.3211,8.08,97,100,3.02,overcast clouds,2022-03-13 22:47:56
240,Marsabit,KE,2.3284,37.9899,73.02,39,47,10.0,scattered clouds,2022-03-13 22:47:56
241,Abu Samrah,SY,35.3029,37.1841,34.7,92,56,7.07,broken clouds,2022-03-13 22:47:56
242,Beringovskiy,RU,63.05,179.3167,5.76,81,11,5.61,few clouds,2022-03-13 22:47:57
243,Nanortalik,GL,60.1432,-45.2371,32.14,67,95,46.77,light snow,2022-03-13 22:47:57
244,Faranah,GN,10.0404,-10.7434,84.04,42,99,9.48,overcast clouds,2022-03-13 22:47:57
245,Aranjuez,ES,40.0311,-3.6025,54.32,60,100,9.8,overcast clouds,2022-03-13 22:47:57
246,Ambon,ID,-3.6954,128.1814,77.14,88,40,8.05,scattered clouds,2022-03-13 22:47:58
247,Calama,CL,-22.4667,-68.9333,68.49,32,20,21.85,few clouds,2022-03-13 22:47:58
248,Rybachiy,RU,48.7073,44.7449,6.66,93,17,5.39,few clouds,2022-03-13 22:47:58
249,Surt,LY,31.2089,16.5887,56.82,69,12,14.14,few clouds,2022-03-13 22:47:59
250,Udachnyy,RU,66.4167,112.4,-29.43,100,100,2.24,overcast clouds,2022-03-13 22:47:59
251,Talakan,RU,50.3167,130.3667,7.77,96,91,3.04,overcast clouds,2022-03-13 22:47:59
252,Flagstaff,US,35.1981,-111.6513,57.09,21,20,24.16,few clouds,2022-03-13 22:47:59
253,Erenhot,CN,43.6475,111.9767,28.44,74,3,5.32,clear sky,2022-03-13 22:48:00
254,Sakakah,SA,29.9697,40.2064,53.17,39,0,5.39,clear sky,2022-03-13 22:48:00
255,Posse,BR,-14.0931,-46.3694,73.94,67,99,3.02,moderate rain,2022-03-13 22:48:00
256,Severo-Kurilsk,RU,50.6789,156.125,30.79,82,95,4.94,overcast clouds,2022-03-13 22:48:00
257,Schijndel,NL,51.6225,5.4319,53.89,70,100,8.05,overcast clouds,2022-03-13 22:48:01
258,Grindavik,IS,63.8424,-22.4338,36.07,69,40,17.27,scattered clouds,2022-03-13 22:48:01
259,Nome,US,64.5011,-165.4064,21.27,42,0,11.5,clear sky,2022-03-13 22:48:01
260,Portsmouth,GB,50.799,-1.0913,46.9,93,49,1.01,scattered clouds,2022-03-13 22:48:02
261,Harper,LR,4.375,-7.7169,79.86,85,67,6.2,broken clouds,2022-03-13 22:48:02
262,Oktyabrskiy,RU,54.4815,53.471,5.36,96,99,5.64,overcast clouds,2022-03-13 22:48:02
263,Cherskiy,RU,68.75,161.3,-10.89,95,99,2.82,overcast clouds,2022-03-13 22:48:02
264,Bagan,RU,54.1001,77.6646,-2.49,95,11,9.46,few clouds,2022-03-13 22:48:03
265,Novyy Urengoy,RU,66.0833,76.6333,-12.01,100,100,6.24,overcast clouds,2022-03-13 22:48:03
266,Grand Gaube,MU,-20.0064,57.6608,79.2,86,65,5.99,broken clouds,2022-03-13 22:48:03
267,Tenenkou,ML,14.4572,-4.9169,83.79,10,37,9.26,scattered clouds,2022-03-13 22:48:04
268,La Ronge,CA,55.1001,-105.2842,10.65,61,100,16.11,overcast clouds,2022-03-13 22:45:30
269,Dakar,SN,14.6937,-17.4441,70.68,77,3,13.8,clear sky,2022-03-13 22:45:00
270,Dharchula,IN,29.85,80.5333,58.06,23,0,8.99,clear sky,2022-03-13 22:48:04
271,Dingle,PH,10.9995,122.6711,78.26,88,67,5.12,broken clouds,2022-03-13 22:48:04
272,Oneonta,US,42.4529,-75.0638,28.29,83,100,10.85,light snow,2022-03-13 22:44:01
273,Namibe,AO,-15.1961,12.1522,72.72,73,100,6.08,overcast clouds,2022-03-13 22:48:04
274,Kudahuvadhoo,MV,2.6708,72.8944,82.74,68,47,6.02,scattered clouds,2022-03-13 22:48:05
275,Sitka,US,57.0531,-135.33,44.49,53,100,13.8,overcast clouds,2022-03-13 22:48:05
276,Richards Bay,ZA,-28.783,32.0377,76.14,82,0,13.13,clear sky,2022-03-13 22:48:05
277,Havelock,US,34.8791,-76.9013,45.01,51,0,5.99,clear sky,2022-03-13 22:48:06
278,Channel-Port Aux Basques,CA,47.5702,-59.1367,22.68,73,100,47.76,light snow,2022-03-13 22:45:25
279,Hithadhoo,MV,-0.6,73.0833,82.98,70,97,6.64,overcast clouds,2022-03-13 22:48:06
280,Cayenne,GF,4.9333,-52.3333,74.08,1,100,3.44,heavy intensity rain,2022-03-13 22:46:36
281,Acajutla,SV,13.5928,-89.8275,87.04,55,55,4.79,broken clouds,2022-03-13 22:48:06
282,Yulara,AU,-25.2406,130.9889,73.24,25,69,6.91,broken clouds,2022-03-13 22:48:07
283,Pisco,PE,-13.7,-76.2167,75.25,73,20,9.22,few clouds,2022-03-13 22:48:07
284,Paamiut,GL,61.994,-49.6678,18.03,95,100,23.15,snow,2022-03-13 22:48:07
285,Katsuura,JP,35.1333,140.3,62.62,82,100,27.04,overcast clouds,2022-03-13 22:48:07
286,Quesnel,CA,52.9999,-122.5029,45.1,61,40,3.44,scattered clouds,2022-03-13 22:48:08
287,Berlevag,NO,70.8578,29.0864,39.2,85,94,14.12,overcast clouds,2022-03-13 22:48:08
288,Garowe,SO,8.4054,48.4845,68.76,74,77,8.63,broken clouds,2022-03-13 22:48:08
289,Portoferraio,IT,42.8115,10.3146,53.53,80,100,22.86,overcast clouds,2022-03-13 22:48:08
290,Parintins,BR,-2.6283,-56.7358,76.26,95,100,2.86,overcast clouds,2022-03-13 22:48:09
291,Cap Malheureux,MU,-19.9842,57.6142,78.48,86,62,5.99,broken clouds,2022-03-13 22:48:09
292,Jandaia Do Sul,BR,-23.6031,-51.6433,68.65,99,100,2.89,light rain,2022-03-13 22:44:56
293,Karratha,AU,-20.7377,116.8463,85.73,68,3,8.55,light rain,2022-03-13 22:48:09
294,Teahupoo,PF,-17.8333,-149.2667,80.56,75,94,8.93,overcast clouds,2022-03-13 22:48:10
295,Keuruu,FI,62.2667,24.7,20.8,98,86,1.81,overcast clouds,2022-03-13 22:48:10
296,Benguela,AO,-12.5763,13.4055,78.42,77,100,4.74,overcast clouds,2022-03-13 22:48:10
297,Bombay,IN,19.0144,72.8479,80.58,36,4,0.0,smoke,2022-03-13 22:46:06
298,Vila Velha,BR,-20.3297,-40.2925,80.55,87,20,9.22,few clouds,2022-03-13 22:48:11
299,Vanimo,PG,-2.6741,141.3028,80.35,87,65,5.26,broken clouds,2022-03-13 22:48:11
300,Mahebourg,MU,-20.4081,57.7,79.09,83,40,8.05,scattered clouds,2022-03-13 22:48:11
301,Djenne,ML,13.9061,-4.5533,85.91,12,45,9.06,scattered clouds,2022-03-13 22:48:11
302,Hidalgotitlan,MX,17.7833,-94.6333,69.82,77,95,6.31,overcast clouds,2022-03-13 22:48:12
303,San Cristobal,VE,7.7669,-72.225,75.38,96,94,3.71,overcast clouds,2022-03-13 22:48:12
304,Wejherowo,PL,54.6057,18.2356,38.37,59,1,1.99,clear sky,2022-03-13 22:48:12
305,Odweyne,SO,9.4092,45.064,67.6,49,14,2.17,few clouds,2022-03-13 22:48:12
306,Sao Filipe,CV,14.8961,-24.4956,71.83,69,4,16.42,clear sky,2022-03-13 22:48:13
307,Avarua,CK,-21.2078,-159.775,84.25,79,20,5.75,few clouds,2022-03-13 22:48:13
308,Tuatapere,NZ,-46.1333,167.6833,63.48,67,47,3.76,scattered clouds,2022-03-13 22:48:13
309,Baykit,RU,61.67,96.37,-17.52,99,80,2.3,broken clouds,2022-03-13 22:48:14
310,Mae Ramat,TH,16.984,98.5166,76.06,80,93,0.31,overcast clouds,2022-03-13 22:48:14
311,Floresti,MD,47.8933,28.3014,29.66,90,90,3.98,overcast clouds,2022-03-13 22:48:14
312,Arona,ES,28.0996,-16.681,60.82,71,20,4.61,few clouds,2022-03-13 22:48:14
313,Saskylakh,RU,71.9167,114.0833,-13.67,99,99,4.0,overcast clouds,2022-03-13 22:48:15
314,Frolovo,RU,49.7713,43.6622,-0.62,100,96,6.31,overcast clouds,2022-03-13 22:48:15
315,Esperance,AU,-33.8667,121.9,62.44,87,31,12.48,scattered clouds,2022-03-13 22:48:15
316,Umm Lajj,SA,25.0213,37.2685,65.98,56,62,12.55,broken clouds,2022-03-13 22:48:15
317,Biu,NG,10.6129,12.1946,76.46,18,94,9.13,overcast clouds,2022-03-13 22:48:16
318,Muisne,EC,0.6,-80.0333,79.5,80,32,4.85,scattered clouds,2022-03-13 22:48:16
319,Goiatuba,BR,-18.0125,-49.3547,70.02,90,87,2.35,overcast clouds,2022-03-13 22:48:16
320,Talnakh,RU,69.4865,88.3972,-7.8,93,100,7.63,overcast clouds,2022-03-13 22:48:17
321,Beloha,MG,-25.1667,45.05,72.99,80,100,8.66,overcast clouds,2022-03-13 22:48:17
322,Oda,JP,35.1833,132.5,52.57,91,100,3.15,overcast clouds,2022-03-13 22:48:17
323,Olafsvik,IS,64.8945,-23.7142,38.52,66,27,25.79,scattered clouds,2022-03-13 22:48:17
324,Kenai,US,60.5544,-151.2583,30.29,62,100,23.02,overcast clouds,2022-03-13 22:48:18
325,Dhamtari,IN,20.7072,81.5497,66.47,21,11,3.04,few clouds,2022-03-13 22:48:18
326,Gigant,RU,46.5066,41.3419,23.4,61,67,4.54,broken clouds,2022-03-13 22:48:18
327,Cartagena,CO,10.3997,-75.5144,85.62,66,40,17.27,scattered clouds,2022-03-13 22:48:18
328,Flinders,AU,-34.5833,150.8552,73.38,82,15,3.0,light rain,2022-03-13 22:47:28
329,Caluquembe,AO,-13.7833,14.6833,59.81,90,100,5.23,overcast clouds,2022-03-13 22:48:19
330,Campina Grande Do Sul,BR,-25.3056,-49.0553,68.52,85,100,2.04,overcast clouds,2022-03-13 22:48:19
331,Rawlins,US,41.7911,-107.2387,37.35,69,20,26.46,few clouds,2022-03-13 22:45:57
332,Deputatskiy,RU,69.3,139.9,-20.25,100,97,2.21,overcast clouds,2022-03-13 22:48:19
333,Havoysund,NO,70.9963,24.6622,37.26,86,41,13.29,scattered clouds,2022-03-13 22:48:20
334,Nizhneudinsk,RU,54.9076,99.0276,-9.62,100,99,1.05,overcast clouds,2022-03-13 22:48:20
335,San Jose,US,37.3394,-121.895,69.91,50,75,16.11,broken clouds,2022-03-13 22:48:20
336,Rundu,NA,-17.9333,19.7667,65.52,98,98,2.59,light rain,2022-03-13 22:48:21
337,Alexandria,EG,31.2156,29.9553,49.96,71,40,9.22,scattered clouds,2022-03-13 22:43:59
338,Blagodatnoye,RU,45.3997,42.5867,25.72,68,51,3.51,broken clouds,2022-03-13 22:48:21
339,Greytown,ZA,-29.0642,30.5928,62.46,77,6,1.9,clear sky,2022-03-13 22:48:21
340,Bilibino,RU,68.0546,166.4372,-4.59,89,93,1.74,overcast clouds,2022-03-13 22:48:21
341,Arvika,SE,59.6553,12.5852,29.01,90,73,2.1,broken clouds,2022-03-13 22:48:22
342,Port Keats,AU,-14.25,129.55,80.78,81,79,3.04,broken clouds,2022-03-13 22:48:22
343,Dunedin,NZ,-45.8742,170.5036,64.8,62,4,7.0,clear sky,2022-03-13 22:48:22
344,Khonsa,IN,27.0167,95.5667,63.43,36,1,4.23,clear sky,2022-03-13 22:48:23
345,Hay River,CA,60.8156,-115.7999,-2.22,55,20,9.22,few clouds,2022-03-13 22:48:23
346,Lakselv,NO,70.0513,24.9718,26.42,80,71,6.91,broken clouds,2022-03-13 22:48:23
347,Mayumba,GA,-3.432,10.6554,77.92,87,90,3.69,overcast clouds,2022-03-13 22:48:23
348,Souillac,MU,-20.5167,57.5167,79.18,83,40,8.05,light rain,2022-03-13 22:48:24
349,Muravlenko,RU,63.7898,74.523,-10.41,99,99,8.79,overcast clouds,2022-03-13 22:44:42
350,Ponta Do Sol,PT,32.6667,-17.1,60.71,69,44,24.7,scattered clouds,2022-03-13 22:48:24
351,Labuhan,ID,-6.8844,112.2051,77.97,89,100,5.57,overcast clouds,2022-03-13 22:48:24
352,Chicama,PE,-7.8447,-79.1469,72.14,63,90,7.85,overcast clouds,2022-03-13 22:48:24
353,Quatre Cocos,MU,-20.2078,57.7625,78.91,86,85,13.04,moderate rain,2022-03-13 22:48:25
354,Ballina,AU,-28.8667,153.5667,71.56,84,85,10.36,overcast clouds,2022-03-13 22:48:25
355,Sidney,AU,-33.8679,151.2073,74.26,80,20,5.75,few clouds,2022-03-13 22:43:34
356,Dunda,TZ,-8.1167,34.25,62.64,95,97,2.01,overcast clouds,2022-03-13 22:48:25
357,Auki,SB,-8.7676,160.7034,84.16,68,92,1.99,overcast clouds,2022-03-13 22:48:26
358,La Union,PE,-5.4,-80.75,81.07,63,55,17.07,broken clouds,2022-03-13 22:48:26
359,Marechal Candido Rondon,BR,-24.5561,-54.0567,70.52,86,100,2.44,overcast clouds,2022-03-13 22:48:26
360,Padang,ID,-0.9492,100.3543,77.77,87,100,4.0,overcast clouds,2022-03-13 22:48:26
361,Tura,IN,25.5198,90.2201,68.7,29,15,3.33,few clouds,2022-03-13 22:48:27
362,Bakel,SN,14.905,-12.4568,84.87,8,6,10.09,clear sky,2022-03-13 22:48:27
363,Rongcheng,CN,30.634,117.8517,68.58,84,48,3.02,scattered clouds,2022-03-13 22:48:27
364,Mahon,ES,39.8885,4.2658,55.96,94,0,6.91,clear sky,2022-03-13 22:48:28
365,Chandur Bazar,IN,21.2417,77.7456,74.57,15,2,6.33,clear sky,2022-03-13 22:48:28
366,Naze,JP,28.3667,129.4833,65.32,87,8,4.38,clear sky,2022-03-13 22:48:28
367,Jojoima,SL,7.8792,-10.7878,75.0,92,99,2.37,light rain,2022-03-13 22:48:28
368,Nyzhni Sirohozy,UA,46.8484,34.3804,26.29,72,3,4.74,clear sky,2022-03-13 22:48:29
369,Namatanai,PG,-3.6667,152.4333,83.88,64,71,9.19,broken clouds,2022-03-13 22:48:29
370,Dhadar,IN,28.3305,75.0632,77.05,28,0,2.17,clear sky,2022-03-13 22:48:29
371,Portland,US,45.5234,-122.6762,53.64,87,75,12.66,broken clouds,2022-03-13 22:45:40
372,Alofi,NU,-19.0595,-169.9187,84.09,70,10,3.44,clear sky,2022-03-13 22:48:30
373,Anadyr,RU,64.75,177.4833,-3.5,76,0,11.18,clear sky,2022-03-13 22:48:30
374,Ketchikan,US,55.3422,-131.6461,45.07,61,75,6.91,broken clouds,2022-03-13 22:48:30
375,Magadi,IN,12.9667,77.2333,67.28,52,22,5.79,few clouds,2022-03-13 22:48:30
376,Northview,US,43.0456,-85.6006,40.95,62,20,17.27,few clouds,2022-03-13 22:48:31
377,Kysyl-Syr,RU,63.8986,122.7617,-9.6,98,100,4.05,overcast clouds,2022-03-13 22:48:31
378,Fort Nelson,CA,58.8053,-122.7002,-0.81,65,75,2.3,light snow,2022-03-13 22:45:25
379,Port Hedland,AU,-20.3167,118.5667,82.45,89,0,8.05,clear sky,2022-03-13 22:48:31
380,San Patricio,US,28.017,-97.5169,68.09,63,65,14.16,broken clouds,2022-03-13 22:48:31
381,Lagos,NG,6.5833,3.75,79.77,86,75,3.42,broken clouds,2022-03-13 22:44:08
382,Takhtamygda,RU,54.1,123.5667,3.42,87,89,3.2,overcast clouds,2022-03-13 22:48:32
383,Porangatu,BR,-13.4408,-49.1486,74.28,89,82,1.14,broken clouds,2022-03-13 22:48:32
384,Cabedelo,BR,-6.9811,-34.8339,81.27,75,98,12.97,overcast clouds,2022-03-13 22:46:14
385,Golden,US,39.7555,-105.2211,62.29,25,75,14.0,broken clouds,2022-03-13 22:48:32
386,Koson,UZ,39.0375,65.585,55.72,83,91,6.53,overcast clouds,2022-03-13 22:48:33
387,Dhenkanal,IN,20.6667,85.6,69.26,67,89,2.33,overcast clouds,2022-03-13 22:48:33
388,Chegdomyn,RU,51.1167,133.0167,11.05,93,99,0.89,overcast clouds,2022-03-13 22:48:33
389,Sola,VU,-13.8833,167.55,81.91,75,100,9.86,overcast clouds,2022-03-13 22:48:33
390,Tilichiki,RU,60.4667,166.1,6.76,75,4,7.81,clear sky,2022-03-13 22:48:34
391,Moses Lake,US,47.1301,-119.2781,57.88,35,20,10.36,few clouds,2022-03-13 22:48:34
392,Beipiao,CN,41.7919,120.7792,32.94,99,100,1.05,light snow,2022-03-13 22:48:34
393,Shambu,ET,9.5667,37.1,56.17,72,99,0.67,overcast clouds,2022-03-13 22:48:34
394,Adrar,MR,20.5022,-10.0711,70.02,13,0,8.55,clear sky,2022-03-13 22:48:35
395,Khash,IR,28.2211,61.2158,65.86,27,57,3.31,broken clouds,2022-03-13 22:48:35
396,Teacapan,MX,22.55,-105.75,74.71,49,2,8.77,clear sky,2022-03-13 22:48:35
397,Carutapera,BR,-1.195,-46.02,75.9,92,93,6.62,overcast clouds,2022-03-13 22:48:36
398,Andros Town,BS,24.7,-77.7667,71.56,61,60,19.91,broken clouds,2022-03-13 22:48:36
399,Pimentel,PE,-6.8367,-79.9342,82.69,51,0,14.97,light rain,2022-03-13 22:44:52
400,Escuintla,GT,14.305,-90.785,89.22,47,81,4.32,broken clouds,2022-03-13 22:48:36
401,Khorixas,NA,-20.3667,14.9667,67.37,79,100,5.37,overcast clouds,2022-03-13 22:48:37
402,Trairi,BR,-3.2778,-39.2689,77.4,84,100,4.85,overcast clouds,2022-03-13 22:48:18
403,Bosobolo,CD,4.1833,19.9,75.0,69,29,3.38,scattered clouds,2022-03-13 22:48:37
404,Wanning,CN,18.8003,110.3967,70.07,92,80,0.89,broken clouds,2022-03-13 22:48:37
405,Hami,CN,42.8,93.45,52.16,31,94,5.53,overcast clouds,2022-03-13 22:48:37
406,Nantucket,US,41.2835,-70.0995,33.94,63,62,28.43,broken clouds,2022-03-13 22:48:38
407,Todos Santos,MX,23.45,-110.2167,72.45,65,49,7.72,scattered clouds,2022-03-13 22:48:38
408,Les Escoumins,CA,48.1111,-69.0236,15.15,74,99,14.41,overcast clouds,2022-03-13 22:48:38
409,Back Mountain,US,41.3359,-75.9963,27.41,68,100,9.62,light snow,2022-03-13 22:48:39
410,Jabinyanah,TN,35.035,10.9081,58.8,84,91,11.03,overcast clouds,2022-03-13 22:48:39
411,Walvis Bay,NA,-22.9575,14.5053,64.09,82,55,9.22,broken clouds,2022-03-13 22:48:39
412,Lubango,AO,-14.9172,13.4925,57.13,85,100,4.34,overcast clouds,2022-03-13 22:48:39
413,Fare,PF,-16.7,-151.0167,81.68,72,93,9.4,overcast clouds,2022-03-13 22:48:40
414,Susangerd,IR,31.5608,48.1831,58.37,28,0,10.63,clear sky,2022-03-13 22:48:40
415,Krasnyy Yar,RU,46.5331,48.3456,22.96,79,15,6.96,few clouds,2022-03-13 22:48:40
416,Martapura,ID,-3.4167,114.85,75.29,94,75,5.75,broken clouds,2022-03-13 22:48:40
417,Benjamin Hill,MX,30.1667,-111.1,77.09,8,0,16.58,clear sky,2022-03-13 22:48:41
418,Byron Bay,AU,-28.65,153.6167,71.49,75,80,9.64,broken clouds,2022-03-13 22:48:41
419,Chudniv,UA,50.052,28.1175,28.8,73,65,1.61,broken clouds,2022-03-13 22:48:41
420,Hisor,TJ,38.525,68.5512,47.95,89,100,4.34,overcast clouds,2022-03-13 22:48:42
421,Wasilla,US,61.5814,-149.4394,32.02,46,20,25.32,few clouds,2022-03-13 22:48:42
422,Karatsu,JP,33.4425,129.9697,61.92,52,100,3.0,overcast clouds,2022-03-13 22:48:42
423,Am Timan,TD,11.0297,20.2827,87.49,14,78,3.65,broken clouds,2022-03-13 22:48:42
424,Santa Rosa,PH,14.3122,121.1114,80.58,83,69,5.06,broken clouds,2022-03-13 22:44:06
425,Ngunguru,NZ,-35.6167,174.5,67.93,77,71,10.16,broken clouds,2022-03-13 22:48:43
426,Krasnodon,UA,48.2923,39.7373,21.47,76,7,3.91,clear sky,2022-03-13 22:48:43
427,Cabo San Lucas,MX,22.8909,-109.9124,79.61,60,52,5.99,broken clouds,2022-03-13 22:48:31
428,Atar,MR,20.5169,-13.0499,73.8,18,0,7.61,clear sky,2022-03-13 22:48:43
429,Buin,CL,-33.7333,-70.75,88.12,39,5,5.91,clear sky,2022-03-13 22:48:43
430,Antofagasta,CL,-23.65,-70.4,67.28,82,31,6.13,scattered clouds,2022-03-13 22:46:46
431,Srednekolymsk,RU,67.45,153.6833,-9.78,95,100,5.08,overcast clouds,2022-03-13 22:48:44
432,Aquiraz,BR,-3.9014,-38.3911,81.18,80,99,4.68,overcast clouds,2022-03-13 22:45:33
433,Comodoro Rivadavia,AR,-45.8667,-67.5,78.66,18,0,12.66,clear sky,2022-03-13 22:45:00
434,Sao Joao Da Barra,BR,-21.6403,-41.0511,78.15,88,2,12.28,clear sky,2022-03-13 22:48:44
435,Key West,US,24.5557,-81.7826,73.4,56,20,14.97,few clouds,2022-03-13 22:47:44
436,Shelburne,CA,44.0787,-80.2041,25.9,88,98,13.56,overcast clouds,2022-03-13 22:48:45
437,Gat,IL,31.61,34.7642,47.8,100,94,4.41,overcast clouds,2022-03-13 22:48:45
438,Puerto Gaitan,CO,4.3133,-72.0816,86.36,53,100,4.76,heavy intensity rain,2022-03-13 22:48:45
439,Kavieng,PG,-2.5744,150.7967,84.25,71,49,14.76,scattered clouds,2022-03-13 22:48:45
440,Okhotsk,RU,59.3833,143.3,19.44,93,100,4.5,overcast clouds,2022-03-13 22:48:46
441,Gizo,SB,-8.103,156.8419,84.16,64,63,6.67,broken clouds,2022-03-13 22:48:46
442,Paracelis,PH,17.2667,121.4667,72.36,90,20,2.15,few clouds,2022-03-13 22:48:46
443,Odesskoye,RU,54.2111,72.9651,3.18,92,95,10.49,overcast clouds,2022-03-13 22:48:47
444,Touros,BR,-5.1989,-35.4608,79.84,77,79,8.03,broken clouds,2022-03-13 22:48:47
445,Abu Zabad,SD,12.35,29.25,73.74,14,92,16.11,overcast clouds,2022-03-13 22:48:47
446,Nizhniy Kuranakh,RU,58.8353,125.4869,3.54,97,100,1.25,overcast clouds,2022-03-13 22:48:47
447,Kaeo,NZ,-35.1,173.7833,76.32,70,15,7.76,few clouds,2022-03-13 22:48:48
448,Obo,CF,5.3998,26.4869,72.25,62,100,4.14,overcast clouds,2022-03-13 22:48:48
449,Mitchell,US,43.7094,-98.0298,48.11,53,0,12.66,clear sky,2022-03-13 22:44:10
450,Porteirinha,BR,-15.7433,-43.0283,78.58,54,97,5.66,overcast clouds,2022-03-13 22:48:48
451,Tecoanapa,MX,16.5167,-98.75,83.52,56,0,10.31,clear sky,2022-03-13 22:48:49
452,Berdigestyakh,RU,62.0989,126.6992,-3.32,97,100,3.91,overcast clouds,2022-03-13 22:48:49
453,Vila,PT,42.0304,-8.1588,38.28,94,82,4.09,broken clouds,2022-03-13 22:44:49
454,Nhulunbuy,AU,-12.2333,136.7667,77.61,94,100,11.5,moderate rain,2022-03-13 22:48:49
455,Ostersund,SE,63.1792,14.6357,36.05,44,99,12.66,overcast clouds,2022-03-13 22:48:49
456,Livingston,GB,55.9029,-3.5226,47.12,82,40,4.61,scattered clouds,2022-03-13 22:48:50
457,Bud,US,39.447,-86.1758,53.58,49,1,13.04,clear sky,2022-03-13 22:48:50
458,Kununurra,AU,-15.7667,128.7333,73.38,94,40,0.0,scattered clouds,2022-03-13 22:45:39
459,Viedma,AR,-40.8135,-62.9967,75.94,31,29,10.02,scattered clouds,2022-03-13 22:44:03
460,Iqaluit,CA,63.7506,-68.5145,-20.47,76,75,4.61,broken clouds,2022-03-13 22:48:50
461,Ofunato,JP,39.0717,141.7167,45.19,98,100,4.54,moderate rain,2022-03-13 22:48:51
462,Port Hueneme,US,34.1478,-119.1951,79.45,48,0,16.11,clear sky,2022-03-13 22:48:51
463,Soure,BR,-0.7167,-48.5233,77.86,85,100,11.01,overcast clouds,2022-03-13 22:48:51
464,Vallenar,CL,-28.5708,-70.7581,73.81,44,6,4.18,clear sky,2022-03-13 22:44:51
465,Sinnamary,GF,5.3833,-52.95,76.59,92,100,12.1,overcast clouds,2022-03-13 22:48:52
466,Vardo,NO,70.3705,31.1107,35.06,93,100,8.79,overcast clouds,2022-03-13 22:48:52
467,Campos,BR,-21.75,-41.3,74.97,94,10,5.03,clear sky,2022-03-13 22:45:49
468,Moose Factory,CA,51.2585,-80.6094,17.6,38,0,8.05,clear sky,2022-03-13 22:48:52
469,Banda Aceh,ID,5.5577,95.3222,78.26,85,54,5.17,broken clouds,2022-03-13 22:48:52
470,Panama City,PA,8.9936,-79.5197,89.55,64,20,12.66,few clouds,2022-03-13 22:48:53
471,Whyalla,AU,-33.0333,137.5833,67.89,60,66,2.3,broken clouds,2022-03-13 22:45:57
472,Skoghall,SE,59.3232,13.4655,28.96,74,62,4.61,broken clouds,2022-03-13 22:48:53
473,Henties Bay,NA,-22.116,14.2845,63.88,87,88,9.55,overcast clouds,2022-03-13 22:48:53
474,Terra Santa,BR,-2.1042,-56.4869,76.98,95,99,2.21,overcast clouds,2022-03-13 22:48:53
475,Taquarana,BR,-9.645,-36.4972,76.78,81,74,10.0,broken clouds,2022-03-13 22:48:54
476,Westport,US,41.1415,-73.3579,35.58,49,20,16.11,few clouds,2022-03-13 22:48:54
477,Sorland,NO,67.667,12.6934,41.59,78,76,10.92,broken clouds,2022-03-13 22:48:54
478,Nivala,FI,63.9167,24.9667,27.68,89,90,4.68,overcast clouds,2022-03-13 22:48:55
479,Chipinge,ZW,-20.1883,32.6236,62.49,85,0,3.04,clear sky,2022-03-13 22:48:55
480,Floro,NO,61.5996,5.0328,48.27,43,75,17.27,light rain,2022-03-13 22:48:55
481,Skjervoy,NO,70.0311,20.9714,38.48,66,44,11.12,scattered clouds,2022-03-13 22:48:55
482,Isetskoye,RU,56.4858,65.3226,8.24,95,100,6.22,overcast clouds,2022-03-13 22:48:56
483,Weyburn,CA,49.6668,-103.8511,23.22,80,100,9.22,overcast clouds,2022-03-13 22:45:25
484,Coahuayana,MX,18.7333,-103.6833,83.28,48,1,6.76,clear sky,2022-03-13 22:48:56
485,Joutseno,FI,61.118,28.5076,24.85,99,99,1.99,overcast clouds,2022-03-13 22:48:56
486,Nizwa,OM,22.9333,57.5333,72.61,32,15,0.54,few clouds,2022-03-13 22:48:57
487,Coquimbo,CL,-29.9533,-71.3436,64.13,77,20,11.5,few clouds,2022-03-13 22:48:57
488,Svetlyy,RU,54.675,20.1347,32.97,78,2,7.87,clear sky,2022-03-13 22:48:57
489,Kosh-Agach,RU,50.0,88.6667,9.97,77,46,4.45,scattered clouds,2022-03-13 22:48:57
490,Dwarka,IN,22.2394,68.9678,76.03,74,1,8.25,clear sky,2022-03-13 22:48:58
491,Soeng Sang,TH,14.4264,102.4606,78.15,56,92,2.91,overcast clouds,2022-03-13 22:48:58
492,Tandil,AR,-37.3217,-59.1332,68.29,50,68,5.28,broken clouds,2022-03-13 22:48:58
493,Bandarbeyla,SO,9.4942,50.8122,76.89,75,64,13.09,broken clouds,2022-03-13 22:48:58
494,Kangaatsiaq,GL,68.3065,-53.4641,-0.04,97,100,7.96,overcast clouds,2022-03-13 22:48:59
495,Heihe,CN,50.2441,127.4902,10.98,97,83,0.74,broken clouds,2022-03-13 22:48:59
496,Baiyin,CN,36.5583,104.2081,42.19,45,89,3.83,overcast clouds,2022-03-13 22:48:59
497,Pine Bluff,US,34.2284,-92.0032,62.53,27,0,11.5,clear sky,2022-03-13 22:49:00
498,May Pen,JM,17.9645,-77.2451,85.21,57,33,3.51,scattered clouds,2022-03-13 22:49:00
499,La Primavera,CO,5.4906,-70.4092,85.95,52,100,4.56,overcast clouds,2022-03-13 22:49:00
500,Grand-Santi,GF,4.25,-54.3833,73.8,99,100,3.6,overcast clouds,2022-03-13 22:49:01
501,Ladario,BR,-19.0047,-57.6017,75.99,75,96,1.28,overcast clouds,2022-03-13 22:49:01
502,Alberton,CA,46.8168,-64.0654,24.93,65,12,20.76,few clouds,2022-03-13 22:49:01
503,Nicoya,CR,10.1483,-85.452,87.89,45,58,10.27,broken clouds,2022-03-13 22:49:01
504,Ola,RU,59.5833,151.2833,12.78,68,100,4.99,overcast clouds,2022-03-13 22:49:02
505,Jalu,LY,29.0331,21.5482,54.73,50,0,13.89,clear sky,2022-03-13 22:49:02
506,Bure,ET,10.7,37.0667,62.71,62,98,2.8,overcast clouds,2022-03-13 22:49:02
507,Matamoros,MX,25.5333,-103.25,76.03,14,2,8.9,clear sky,2022-03-13 22:49:03
508,Irupi,BR,-20.3453,-41.6411,68.9,89,39,1.05,scattered clouds,2022-03-13 22:49:03
509,Filingue,NE,14.3521,3.3168,81.16,16,42,11.32,scattered clouds,2022-03-13 22:49:03
510,Souris,CA,49.6172,-100.2612,21.74,91,100,2.17,overcast clouds,2022-03-13 22:49:04
511,Qui Nhon,VN,13.7667,109.2333,73.83,86,100,4.47,overcast clouds,2022-03-13 22:46:11
512,Altamira,BR,-3.2033,-52.2064,73.78,96,98,1.68,overcast clouds,2022-03-13 22:49:04
513,Kindu,CD,-2.95,25.95,70.59,92,100,2.59,overcast clouds,2022-03-13 22:49:04
514,Lubumbashi,CD,-11.6609,27.4794,61.93,94,100,3.6,overcast clouds,2022-03-13 22:49:05
515,Taltal,CL,-25.4,-70.4833,67.33,79,23,5.88,few clouds,2022-03-13 22:49:05
516,Nelson Bay,AU,-32.7167,152.15,75.0,93,49,1.99,scattered clouds,2022-03-13 22:49:05
517,Gamba,GA,-2.65,10.0,77.77,86,100,3.8,overcast clouds,2022-03-13 22:49:05
518,Hobyo,SO,5.3505,48.5268,78.53,73,88,15.86,overcast clouds,2022-03-13 22:49:06
519,Riberalta,BO,-10.9833,-66.1,82.6,78,75,6.91,broken clouds,2022-03-13 22:49:06
520,Gallup,US,35.5281,-108.7426,56.16,21,0,20.71,clear sky,2022-03-13 22:47:53
521,Zarand,IR,30.8127,56.564,61.12,34,66,0.83,broken clouds,2022-03-13 22:49:06
522,Tiznit,MA,29.5833,-9.5,53.82,85,42,2.51,scattered clouds,2022-03-13 22:49:06
523,Kihei,US,20.785,-156.4656,86.02,72,20,21.85,few clouds,2022-03-13 22:49:07
524,Sur,OM,22.5667,59.5289,78.93,40,25,7.9,scattered clouds,2022-03-13 22:49:07
525,Koltubanovskiy,RU,52.9407,52.0269,4.05,97,100,4.16,overcast clouds,2022-03-13 22:49:07
526,Druzhba,UA,52.0428,33.9453,27.34,83,99,5.26,overcast clouds,2022-03-13 22:49:08
527,Antequera,ES,37.0194,-4.5612,53.94,95,100,5.68,light rain,2022-03-13 22:49:08
528,Taoudenni,ML,22.6783,-3.9836,76.82,10,0,7.09,clear sky,2022-03-13 22:49:08
529,Atasu,KZ,48.6814,71.6433,22.17,96,100,9.17,overcast clouds,2022-03-13 22:49:08
530,Tonneins,FR,44.3921,0.3124,44.67,90,33,10.0,scattered clouds,2022-03-13 22:49:09
531,Kargasok,RU,59.0556,80.8572,-18.72,100,97,0.81,overcast clouds,2022-03-13 22:49:09
532,Brae,GB,60.3964,-1.353,45.48,91,100,25.08,overcast clouds,2022-03-13 22:49:09
533,Obera,AR,-27.4871,-55.1199,65.44,62,0,3.51,clear sky,2022-03-13 22:49:09
534,Lima,PE,-12.0432,-77.0282,74.14,80,0,12.66,clear sky,2022-03-13 22:48:09
535,Bonavista,CA,48.6499,-53.1147,23.94,64,46,38.88,scattered clouds,2022-03-13 22:49:10
536,Honningsvag,NO,70.9821,25.9704,37.15,79,52,15.35,broken clouds,2022-03-13 22:49:10
537,Dauriya,RU,49.9333,116.8667,11.07,94,99,2.53,light snow,2022-03-13 22:49:10
538,Poddorye,RU,57.4695,31.1156,25.93,96,23,4.25,few clouds,2022-03-13 22:49:11
539,Alice Springs,AU,-23.7,133.8833,74.75,31,9,2.3,clear sky,2022-03-13 22:45:10
540,Rosarito,MX,32.3333,-117.0333,68.23,65,14,7.85,few clouds,2022-03-13 22:49:11
541,Langsa,ID,4.4683,97.9683,74.21,96,65,2.68,light rain,2022-03-13 22:49:11
542,Puerto Escondido,MX,15.85,-97.0667,83.03,61,5,4.68,clear sky,2022-03-13 22:46:19
543,Luanda,AO,-8.8368,13.2343,79.63,76,100,6.71,overcast clouds,2022-03-13 22:49:12
544,Arauca,CO,7.0847,-70.7591,84.88,56,78,3.53,broken clouds,2022-03-13 22:44:16
545,Gulabpura,IN,25.9,74.6667,74.68,25,0,7.11,clear sky,2022-03-13 22:49:12
546,Tezu,IN,27.9167,96.1667,69.37,25,0,4.9,clear sky,2022-03-13 22:49:12
547,Bridlington,GB,54.0831,-0.1919,48.13,91,100,3.0,overcast clouds,2022-03-13 22:49:12
548,Linaon,PH,9.9499,122.4483,80.85,82,59,2.89,broken clouds,2022-03-13 22:49:13
549,Dauphin,CA,51.1494,-100.0502,24.94,58,0,14.97,clear sky,2022-03-13 22:49:13
550,Xuddur,SO,4.1213,43.8894,72.45,74,55,16.71,broken clouds,2022-03-13 22:49:13
551,Kungurtug,RU,50.5994,97.5228,13.82,94,98,1.7,light snow,2022-03-13 22:49:14
552,Matara,LK,5.9485,80.5353,75.72,89,81,3.51,broken clouds,2022-03-13 22:49:14
553,Olga,RU,43.7444,135.2892,32.4,83,54,3.87,broken clouds,2022-03-13 22:49:14
554,Hervey Bay,AU,-25.2986,152.8535,75.29,65,94,16.28,overcast clouds,2022-03-13 22:49:14
555,Zhigansk,RU,66.7697,123.3711,-19.98,98,99,12.48,overcast clouds,2022-03-13 22:49:15
556,Kismayo,SO,-0.3582,42.5454,77.97,81,93,13.85,overcast clouds,2022-03-13 22:49:15
557,Zeya,RU,53.75,127.2667,6.33,91,24,2.48,few clouds,2022-03-13 22:49:15
558,Amapa,BR,1.0,-52.0,73.08,98,100,3.33,heavy intensity rain,2022-03-13 22:49:16
559,Inhambane,MZ,-23.865,35.3833,77.22,85,0,8.7,clear sky,2022-03-13 22:49:16
560,Whitehorse,CA,60.7161,-135.0538,10.09,62,100,10.36,light snow,2022-03-13 22:44:49
561,Gondanglegi,ID,-7.7479,112.0132,74.73,92,100,4.5,overcast clouds,2022-03-13 22:49:16
562,Bulgan,MN,48.8125,103.5347,17.15,90,100,3.33,overcast clouds,2022-03-13 22:49:16
563,Kosa,RU,59.9445,54.9977,14.29,96,99,6.33,overcast clouds,2022-03-13 22:49:17
564,Wamba,NG,8.9333,8.6,77.58,33,27,4.65,scattered clouds,2022-03-13 22:49:17
565,Idanre,NG,7.1127,5.1159,74.1,94,82,2.68,broken clouds,2022-03-13 22:49:17
566,Teberda,RU,43.4456,41.7448,9.12,91,74,4.99,broken clouds,2022-03-13 22:49:18
567,Asau,RO,46.4333,26.4,29.32,98,98,2.26,overcast clouds,2022-03-13 22:49:18
568,Toamasina,MG,-18.1667,49.3833,75.2,100,20,4.61,few clouds,2022-03-13 22:49:18
569,Esso,RU,55.9333,158.7,18.57,89,57,2.44,broken clouds,2022-03-13 22:49:18
570,Kuito,AO,-12.3833,16.9333,60.75,94,100,7.29,overcast clouds,2022-03-13 22:49:19
571,Jedburgh,GB,55.48,-2.552,47.91,79,97,3.94,overcast clouds,2022-03-13 22:49:19
572,Rincon De La Victoria,ES,36.7172,-4.2758,59.85,88,100,4.12,overcast clouds,2022-03-13 22:49:19
573,Tanete,ID,-3.9443,119.7848,76.35,92,67,1.25,broken clouds,2022-03-13 22:49:20
574,Luangwa,ZM,-15.6167,30.4167,69.98,93,55,2.21,broken clouds,2022-03-13 22:49:20
575,Gambela,ET,8.25,34.5833,83.12,50,69,10.58,light rain,2022-03-13 22:49:20
576,Plettenberg Bay,ZA,-34.0527,23.3716,60.75,87,100,14.58,light rain,2022-03-13 22:49:20
577,Totness,SR,5.8833,-56.3167,76.57,89,78,10.67,broken clouds,2022-03-13 22:49:21
578,Roanoke Rapids,US,36.4615,-77.6542,47.34,49,0,11.5,clear sky,2022-03-13 22:49:21
579,Begichevskiy,RU,53.7961,38.255,26.06,95,96,13.22,light snow,2022-03-13 22:49:21
580,Wilmington,US,34.2257,-77.9447,44.85,50,0,3.0,clear sky,2022-03-13 22:44:37
581,Kongsberg,NO,59.6652,9.6465,30.97,95,100,2.39,overcast clouds,2022-03-13 22:49:22
582,Cumberland,US,35.0502,-78.8664,50.5,27,0,14.97,clear sky,2022-03-13 22:49:22
583,Atambua,ID,-9.1061,124.8925,76.41,87,96,2.64,overcast clouds,2022-03-13 22:49:22
584,Qujing,CN,25.4833,103.7833,50.92,42,5,0.76,clear sky,2022-03-13 22:49:22
585,Port-Gentil,GA,-0.7193,8.7815,81.95,77,100,10.67,overcast clouds,2022-03-13 22:49:23
586,Boende,CD,-0.2167,20.8667,72.79,86,97,1.59,overcast clouds,2022-03-13 22:49:23
587,Banepa,NP,27.6298,85.5214,55.72,77,20,3.44,few clouds,2022-03-13 22:49:23
588,Kovur,IN,14.4833,79.9833,71.13,74,83,2.33,broken clouds,2022-03-13 22:49:23
589,Hampton,US,37.0299,-76.3452,45.14,37,0,17.27,clear sky,2022-03-13 22:47:48
590,Pala,TD,9.3642,14.9046,81.36,16,0,8.52,clear sky,2022-03-13 22:49:24
591,Guaymas,MX,27.9333,-110.9,85.89,30,19,11.59,few clouds,2022-03-13 22:49:24
592,Marzuq,YE,14.4,46.4667,61.72,55,29,5.23,scattered clouds,2022-03-13 22:49:24
593,Mbini,GQ,1.574,9.6134,79.97,80,58,3.91,broken clouds,2022-03-13 22:49:25
594,Athabasca,CA,54.7169,-113.2854,16.21,84,100,9.78,overcast clouds,2022-03-13 22:45:25
595,Margate,GB,51.3813,1.3862,47.3,90,100,1.01,overcast clouds,2022-03-13 22:49:25
596,Road Town,VG,18.4167,-64.6167,78.89,73,40,11.5,scattered clouds,2022-03-13 22:49:25
597,Luena,AO,-11.7833,19.9167,62.4,98,95,5.06,overcast clouds,2022-03-13 22:49:26
598,Susaki,JP,33.3667,133.2833,59.07,90,71,1.74,broken clouds,2022-03-13 22:49:26
599,Cienaga,CO,11.007,-74.2476,89.73,51,75,12.66,broken clouds,2022-03-13 22:49:26
600,Mayo,US,38.8876,-76.5119,43.34,41,20,10.36,few clouds,2022-03-13 22:49:26
601,Port Shepstone,ZA,-30.7414,30.455,73.31,88,81,22.08,light rain,2022-03-13 22:49:27
602,Manbij,SY,36.5281,37.9549,32.61,84,96,11.88,overcast clouds,2022-03-13 22:49:27
603,Clyde River,CA,70.4692,-68.5914,-16.37,69,100,12.66,overcast clouds,2022-03-13 22:49:27
604,Solwezi,ZM,-12.1688,26.3894,59.41,98,100,4.21,overcast clouds,2022-03-13 22:49:27
605,Goleta,TN,36.8181,10.305,57.2,82,40,10.36,scattered clouds,2022-03-13 22:49:28
606,Ucluelet,CA,48.9329,-125.5528,49.08,85,100,1.01,overcast clouds,2022-03-13 22:49:28
607,Shingu,JP,33.7333,135.9833,63.43,85,82,5.82,broken clouds,2022-03-13 22:49:28
608,Lasa,IT,46.6166,10.7002,36.48,89,48,2.68,scattered clouds,2022-03-13 22:49:29
609,Aksu,CN,41.1231,80.2644,53.19,30,100,4.99,overcast clouds,2022-03-13 22:49:29
610,Koygorodok,RU,60.445,50.9968,18.99,97,100,1.1,light snow,2022-03-13 22:49:29
611,Bedesa,ET,8.9,40.7833,64.24,43,8,4.12,clear sky,2022-03-13 22:49:29
612,Lubao,PH,14.9167,120.55,78.87,80,45,3.89,scattered clouds,2022-03-13 22:49:30
613,Chernyshevsk,RU,52.5243,117.0174,9.73,98,100,1.52,overcast clouds,2022-03-13 22:49:30
614,Niesky,DE,51.2924,14.8211,36.72,46,0,5.44,clear sky,2022-03-13 22:49:30
615,Polunochnoye,RU,60.8697,60.4153,5.65,98,100,3.8,overcast clouds,2022-03-13 22:49:30
616,Riyadh,SA,24.6877,46.7219,62.74,34,0,5.32,clear sky,2022-03-13 22:49:31
617,Geraldton,AU,-28.7667,114.6,63.01,88,9,9.22,clear sky,2022-03-13 22:49:31
618,Nevers,FR,46.9167,3.3333,37.4,98,95,4.32,overcast clouds,2022-03-13 22:45:24
619,Blue Springs,US,39.0169,-94.2816,65.98,32,0,18.41,clear sky,2022-03-13 22:49:31
620,Grahamstown,ZA,-33.3042,26.5328,60.42,93,99,12.66,overcast clouds,2022-03-13 22:49:32
621,Katangli,RU,51.7102,143.2326,14.67,94,95,0.69,overcast clouds,2022-03-13 22:49:32
622,Kumla,SE,59.1277,15.1434,31.68,74,28,5.75,scattered clouds,2022-03-13 22:49:32
623,Severodvinsk,RU,64.5635,39.8302,28.51,96,60,5.53,broken clouds,2022-03-13 22:49:32
624,Soligalich,RU,59.0778,42.2864,15.46,98,63,5.37,broken clouds,2022-03-13 22:49:33
625,Saint Anthony,US,45.0205,-93.218,42.42,55,0,13.8,clear sky,2022-03-13 22:45:24
626,Bac Lieu,VN,9.285,105.7244,79.39,87,87,12.66,overcast clouds,2022-03-13 22:49:33
627,Sao Jose Da Coroa Grande,BR,-8.8978,-35.1478,80.53,78,100,9.24,overcast clouds,2022-03-13 22:49:33
628,Poltavka,RU,54.3663,71.7632,3.96,92,100,10.38,overcast clouds,2022-03-13 22:49:34
629,Gualeguay,AR,-33.1416,-59.3097,63.37,59,3,3.58,clear sky,2022-03-13 22:49:34
630,Marawi,PH,7.9986,124.2928,71.49,92,84,2.17,broken clouds,2022-03-13 22:49:34
631,Floirac,FR,44.8324,-0.5141,46.22,86,0,11.5,clear sky,2022-03-13 22:49:34
632,Chara,RU,56.9064,118.2631,-3.48,94,100,1.19,overcast clouds,2022-03-13 22:49:35
633,Haikou,CN,20.0458,110.3417,71.73,94,75,4.47,broken clouds,2022-03-13 22:49:35
634,Diego De Almagro,CL,-26.3667,-70.05,70.29,41,0,7.54,clear sky,2022-03-13 22:46:29
635,Karpogory,RU,64.0019,44.4451,22.71,93,100,7.72,overcast clouds,2022-03-13 22:49:35
636,Belmonte,BR,-15.8631,-38.8828,79.14,82,80,8.48,broken clouds,2022-03-13 22:49:35
637,Huarmey,PE,-10.0681,-78.1522,74.75,76,96,7.81,overcast clouds,2022-03-13 22:49:36
638,Villa Union,MX,23.2,-106.2333,70.92,67,2,7.65,clear sky,2022-03-13 22:49:36
639,Champaign,US,40.1334,-88.2001,57.27,38,0,13.8,clear sky,2022-03-13 22:49:36
640,Birao,CF,10.2849,22.7882,76.87,16,83,6.38,broken clouds,2022-03-13 22:49:37
641,Abalak,RU,58.1286,68.5944,3.69,96,100,6.11,overcast clouds,2022-03-13 22:49:37
642,Sarkand,KZ,45.41,79.9186,39.69,86,100,3.76,overcast clouds,2022-03-13 22:49:37
643,Sistranda,NO,63.7256,8.834,44.56,78,100,13.62,overcast clouds,2022-03-13 22:49:37
644,Asmara,ER,15.3333,38.9333,54.91,74,80,3.87,broken clouds,2022-03-13 22:48:14
645,Fort-Shevchenko,KZ,44.5086,50.263,32.79,70,100,10.22,overcast clouds,2022-03-13 22:49:38
646,Pangody,RU,65.85,74.4859,-7.47,100,91,6.17,overcast clouds,2022-03-13 22:49:38
647,Huilong,CN,31.8111,121.655,56.93,98,98,4.85,overcast clouds,2022-03-13 22:49:38
648,Rafai,CF,4.95,23.9167,69.67,86,67,0.81,broken clouds,2022-03-13 22:49:38
649,Beni,CD,0.5,29.4667,61.47,99,81,2.35,broken clouds,2022-03-13 22:49:39
650,Nyurba,RU,63.2842,118.3319,-8.41,98,100,2.48,overcast clouds,2022-03-13 22:49:39
651,Susehri,TR,40.1644,38.0867,19.45,89,100,4.76,overcast clouds,2022-03-13 22:49:39
652,Esmeraldas,BR,-19.7625,-44.3139,81.64,90,99,1.86,overcast clouds,2022-03-13 22:45:04
653,North Shore,NZ,-36.8,174.75,75.0,59,11,3.47,few clouds,2022-03-13 22:49:40
654,Batemans Bay,AU,-35.7167,150.1833,66.09,68,3,0.51,light rain,2022-03-13 22:49:40
655,Kloulklubed,PW,7.0419,134.2556,77.5,76,98,13.35,overcast clouds,2022-03-13 22:49:40
656,Sao Marcos,BR,-28.9711,-51.0681,64.35,99,100,2.33,overcast clouds,2022-03-13 22:49:41
657,Ust-Nera,RU,64.5667,143.2,0.93,96,100,3.09,overcast clouds,2022-03-13 22:49:41
658,Menongue,AO,-14.6585,17.691,64.17,97,100,7.31,light rain,2022-03-13 22:49:41
659,Elban,RU,50.1018,136.5094,16.72,86,47,0.85,scattered clouds,2022-03-13 22:49:41
660,Coihaique,CL,-45.5752,-72.0662,56.01,62,40,3.44,scattered clouds,2022-03-13 22:49:42
661,Srandakan,ID,-7.9386,110.2506,77.4,86,98,3.62,overcast clouds,2022-03-13 22:49:42
662,Elk City,US,35.412,-99.4043,68.22,8,0,25.32,clear sky,2022-03-13 22:49:42
663,Mercedes,AR,-34.6515,-59.4307,69.85,46,0,3.74,clear sky,2022-03-13 22:49:43
664,Huangnihe,CN,43.5583,128.0239,27.64,91,100,5.01,overcast clouds,2022-03-13 22:49:43
665,Dibulla,CO,11.2725,-73.3091,78.91,82,99,7.72,overcast clouds,2022-03-13 22:49:43
666,Goderich,CA,43.7501,-81.7165,29.91,74,100,13.8,overcast clouds,2022-03-13 22:49:44
667,Karagaylinskiy,RU,54.172,86.5521,-10.53,99,85,3.51,overcast clouds,2022-03-13 22:49:44
668,Honiara,SB,-9.4333,159.95,85.14,67,67,3.04,broken clouds,2022-03-13 22:49:44
669,Lagoa,PT,39.05,-27.9833,55.18,59,87,12.68,overcast clouds,2022-03-13 22:49:44
670,Aberdeen,GB,57.1437,-2.0981,45.09,94,75,16.11,broken clouds,2022-03-13 22:49:45
671,Nalut,LY,30.3333,10.85,58.24,23,46,9.1,scattered clouds,2022-03-13 22:49:45
672,Pundaguitan,PH,6.3711,126.1689,82.51,74,83,3.98,broken clouds,2022-03-13 22:49:45
673,Omboue,GA,-1.5746,9.2618,78.91,86,100,5.37,light rain,2022-03-13 22:49:45
674,Qaqortoq,GL,60.7167,-46.0333,30.9,62,100,23.76,overcast clouds,2022-03-13 22:49:46
675,Prince Rupert,CA,54.3161,-130.3201,46.49,66,100,20.71,light rain,2022-03-13 22:45:49
676,Dancheng,CN,33.6333,115.1833,54.32,90,21,9.04,few clouds,2022-03-13 22:49:46
677,Catuday,PH,16.2923,119.8062,77.92,78,68,5.88,broken clouds,2022-03-13 22:49:46
678,Verkhniye Tatyshly,RU,56.2912,55.8575,8.22,96,98,6.17,overcast clouds,2022-03-13 22:49:47
679,Gigmoto,PH,13.7796,124.39,79.05,87,96,4.32,overcast clouds,2022-03-13 22:49:47
680,Nijar,ES,36.9665,-2.206,55.65,88,75,4.61,broken clouds,2022-03-13 22:49:47
681,Katobu,ID,-4.9408,122.5276,76.64,92,41,0.76,scattered clouds,2022-03-13 22:49:47
682,Jacareacanga,BR,-6.2222,-57.7528,78.57,86,94,0.27,moderate rain,2022-03-13 22:49:48
683,Kangaba,ML,11.9333,-8.4167,84.96,14,74,4.29,broken clouds,2022-03-13 22:49:48
684,Beyneu,KZ,45.3167,55.2,28.9,80,39,9.4,scattered clouds,2022-03-13 22:49:48
685,Soc Trang,VN,9.6033,105.98,78.33,88,65,10.63,broken clouds,2022-03-13 22:49:48
686,Zhangjiakou,CN,40.81,114.8794,39.51,47,0,13.02,light rain,2022-03-13 22:49:49
687,Hibbing,US,47.4272,-92.9377,29.8,31,0,11.5,clear sky,2022-03-13 22:49:49
688,Komsomolskiy,UZ,40.4272,71.7189,50.72,93,100,2.3,moderate rain,2022-03-13 22:49:49
689,La Asuncion,VE,11.0333,-63.8628,76.71,81,92,14.07,overcast clouds,2022-03-13 22:49:50
690,Sosua,DO,19.7667,-70.5167,84.18,83,20,11.5,few clouds,2022-03-13 22:49:50
691,Nha Trang,VN,12.25,109.1833,77.0,92,63,5.3,broken clouds,2022-03-13 22:47:05
692,Ereymentau,KZ,51.6199,73.1033,10.44,94,100,8.41,overcast clouds,2022-03-13 22:49:50
693,Kijang,KR,35.2442,129.2139,51.53,82,100,12.35,overcast clouds,2022-03-13 22:49:50
